<dune_plugin>
  <global_actions>
	<uninstall>
      <type>plugin_system</type>
      <data>
        <run_string>bin/uninstall.sh &amp;</run_string>
      </data>
    </uninstall>
	<boot_end>
      <type>plugin_system</type>
      <data>
        <run_string>bin/boot_end.sh &amp;</run_string>
      </data>
    </boot_end>
  </global_actions>
  <name>Entware-ng</name>
  <caption>Entware-ng</caption>
  <type>php</type>
  <params>
    <program>Smart.php</program>
  </params>
  <entry_points>
    <entry_point>
      <parent_media_url>root://applications</parent_media_url>
      <media_url>setup</media_url>
      <caption>Entware-ng</caption>
      <icon_url>plugin_file://icons/logo.png</icon_url>
	  <badge_icon_url>plugin_file://icons/default.png</badge_icon_url>
      <actions>
          <key_enter>
            <type>plugin_handle_user_input</type>
            <params>
               <handler_id>entry</handler_id>
            </params>
          </key_enter>
          <key_play>
            <type>plugin_handle_user_input</type>
            <params>
               <handler_id>entry</handler_id>
            </params>
          </key_play>
        </actions>
	  <show_cookie_name>main_icon</show_cookie_name>
        <show_by_default>yes</show_by_default>
      <ip_address_required>yes</ip_address_required>
    </entry_point>
	<entry_point>
      <parent_media_url>setup://applications</parent_media_url>
      <media_url>setup</media_url>
      <caption>Entware-ng</caption>
      <icon_url>plugin_file://icons/logo.png</icon_url>
	  <badge_icon_url>plugin_file://icons/default.png</badge_icon_url>
      <actions>
          <key_enter>
            <type>plugin_handle_user_input</type>
            <params>
               <handler_id>entry</handler_id>
            </params>
          </key_enter>
          <key_play>
            <type>plugin_handle_user_input</type>
            <params>
               <handler_id>entry</handler_id>
            </params>
          </key_play>
        </actions>
      <ip_address_required>yes</ip_address_required>
    </entry_point>
  </entry_points>
    <version_index>3</version_index>
  <version>1.1.1 (28.06.16)</version>
  <check_update>
    <schema>1</schema>
    <url>http://dune-club.info/plugins/update/Entware-ng/update.txt</url>
    <timeout>20</timeout>
  </check_update>
</dune_plugin>
